<?xml version="1.0" encoding="UTF-8"?>  
<beans xmlns="http://www.springframework.org/schema/beans"  
    xmlns:xsi="http://www.w3.org/2001/XMLSchema-instance"   
    xmlns:context="http://www.springframework.org/schema/context"  
    xmlns:mvc="http://www.springframework.org/schema/mvc"  
    xsi:schemaLocation="  
        http://www.springframework.org/schema/beans  
        http://www.springframework.org/schema/beans/spring-beans.xsd  
        http://www.springframework.org/schema/context  
        http://www.springframework.org/schema/context/spring-context.xsd  
        http://www.springframework.org/schema/mvc  
        http://www.springframework.org/schema/mvc/spring-mvc.xsd"> 
   
   <context:component-scan base-package="xyz.mom"></context:component-scan>    
   
    <!-- 
<bean class="org.springframework.web.servlet.view.InternalResourceViewResolver">    
<property name="prefix" value="/WEB-INF/"></property>    
<property name="suffix" value=".jsp"></property>    
</bean>     -->
    
<bean id="viewResolver" class="org.springframework.web.servlet.view.tiles3.TilesViewResolver"/>  
<bean id="tilesConfigurer" class="org.springframework.web.servlet.view.tiles3.TilesConfigurer">  
<property name="definitions">  
<list>  
<value>/WEB-INF/tiles.xml</value>  
</list>  
</property>  
</bean>  

<bean id="multipartResolver"   
class="org.springframework.web.multipart.commons.CommonsMultipartResolver">
<property name="maxUploadSize" value="100000" />
</bean>  
           
</beans>  