<?xml version="1.0" encoding="UTF-8" ?>  
<!DOCTYPE tiles-definitions PUBLIC  
       "-//Apache Software Foundation//DTD Tiles Configuration 2.0//EN"  
       "http://tiles.apache.org/dtds/tiles-config_2_0.dtd">  
<tiles-definitions>  
    <definition name="divya"  
        template="/WEB-INF/home.jsp">  
        <put-attribute name="title" value="" />  
        <put-attribute name="papa" value="" />    
    </definition>  
    <definition name="mom" extends="divya">  
        <put-attribute name="title" value="Contact Manager" />  
        <put-attribute name="papa" value="/WEB-INF/abc.jsp" />  
    </definition>  
   <definition name="tyu" extends="divya">  
        <put-attribute name="title" value="Contact Manager" />  
        <put-attribute name="papa" value="/WEB-INF/tyu.jsp" />  
    </definition>  
      <definition name="dhj" extends="divya">  
        <put-attribute name="title" value="Contact Manager" />  
        <put-attribute name="papa" value="/WEB-INF/view.jsp" />  
    </definition>  
       <definition name="so" extends="divya">  
        <put-attribute name="title" value="Contact Manager" />  
        <put-attribute name="papa" value="/WEB-INF/one.jsp" />  
    </definition>  
     <definition name="sof" extends="divya">  
        <put-attribute name="title" value="Contact Manager" />  
        <put-attribute name="papa" value="/WEB-INF/onemany.jsp" />  
    </definition>  
     <definition name="many" extends="divya">  
        <put-attribute name="title" value="Contact Manager" />  
        <put-attribute name="papa" value="/WEB-INF/manytomany.jsp" />  
    </definition>  
</tiles-definitions>  