<?xml version="1.0" encoding="UTF-8" ?>  
<!DOCTYPE tiles-definitions PUBLIC  
       "-//Apache Software Foundation//DTD Tiles Configuration 2.0//EN"  
       "http://tiles.apache.org/dtds/tiles-config_2_0.dtd">
<tiles-definitions>
	<definition name="demo" template="/WEB-INF/jsp/home.jsp">
		<put-attribute name="title" value="" />
		<put-attribute name="admin" value="" />
	</definition>
	<definition name="home" extends="demo">
		<put-attribute name="title" value="Insert" />
		<put-attribute name="admin"
			value="/WEB-INF/jsp/user.jsp" />
	</definition>
	<definition name="li" extends="demo">
		<put-attribute name="title" value="View" />
		<put-attribute name="admin"
			value="/WEB-INF/jsp/view.jsp" />
	</definition>
	<definition name="rel" extends="demo">
		<put-attribute name="title" value="View" />
		<put-attribute name="admin"
			value="/WEB-INF/jsp/onetoone.jsp" />
	</definition>
	<definition name="liv" extends="demo">
		<put-attribute name="title" value="View" />
		<put-attribute name="admin"
			value="/WEB-INF/jsp/viewone.jsp" />
	</definition>
	<definition name="relm" extends="demo">
		<put-attribute name="title" value="View" />
		<put-attribute name="admin"
			value="/WEB-INF/jsp/onetomany.jsp" />
	</definition>
	<definition name="lim" extends="demo">
		<put-attribute name="title" value="View" />
		<put-attribute name="admin"
			value="/WEB-INF/jsp/viewonetomany.jsp" />
	</definition>
</tiles-definitions>  